id,name,symbol,slug,num_market_pairs,date_added,tags,max_supply,circulating_supply,total_supply,platform,price_usd,volume_24h_usd,percent_change_1h_usd,percent_change_24h_usd,percent_change_7d_usd,market_cap_usd,last_updated_usd
1,Bitcoin,BTC,bitcoin,7733,2013-04-28T00:00:00.000Z,['Mineable'],21000000,18286125,18286125,,6638.46879174,46280555585.9,0.242075,0.33495,28.002,121391870134.3566,2020-03-25T15:53:38.000Z
1027,Ethereum,ETH,ethereum,5090,2015-08-07T00:00:00.000Z,['Mineable'],,110243387.499,110243387.499,,136.376310244,13818101897.1212,0.285031,-0.543434,20.2962,15034586415.913134,2020-03-25T15:53:27.000Z
52,XRP,XRP,xrp,499,2013-08-04T00:00:00.000Z,[],100000000000,43906191900,99991030755,,0.160665464428,2121410154.49606,0.0640396,-0.0823517,12.6781,7054208712.878392,2020-03-25T15:53:03.000Z
825,Tether,USDT,tether,4239,2015-02-25T00:00:00.000Z,[],,4642367414,4776930644,"{'id': 83, 'name': 'Omni', 'symbol': 'OMNI', 'slug': 'omni', 'token_address': '31'}",1.0033286113,54112382365.6719,0.316519,0.010543,1.16476,4657820050.632992,2020-03-25T15:53:24.000Z
1831,Bitcoin Cash,BCH,bitcoin-cash,457,2017-07-23T00:00:00.000Z,['Mineable'],21000000,18350062.5,18350062.5,,219.221782887,3456833612.31048,0.308912,-1.92989,24.0903,4022733417.33788,2020-03-25T15:53:08.000Z
3602,Bitcoin SV,BSV,bitcoin-sv,172,2018-11-09T00:00:00.000Z,['Mineable'],21000000,18347327.0819233,18347327.0819233,,171.136085731,2611219690.3425,-0.143275,-2.14207,48.8741,3139889740.426724,2020-03-25T15:53:12.000Z
2,Litecoin,LTC,litecoin,570,2013-04-28T00:00:00.000Z,['Mineable'],84000000,64361068.2031291,64361068.2031291,,39.0279310748,3155333970.92935,-0.01331,-1.03084,17.1958,2511879333.7322245,2020-03-25T15:53:11.000Z
1765,EOS,EOS,eos,376,2017-07-01T00:00:00.000Z,[],,921053647.6394,1017753659.4379,,2.29474054462,2634751121.18405,0.0290897,-1.25656,18.8678,2113579149.0082746,2020-03-25T15:53:07.000Z
1839,Binance Coin,BNB,binance-coin,306,2017-07-25T00:00:00.000Z,[],187536713,155536713,187536713,,12.2841344453,324911653.393143,-0.0618298,0.537171,22.4943,1910633893.6720402,2020-03-25T15:53:08.000Z
2011,Tezos,XTZ,tezos,71,2017-10-06T00:00:00.000Z,[],,704855179.539055,704855179.539055,,1.7072945669,151554955.465657,0.284477,-0.8928,28.2389,1203395418.4783525,2020-03-25T15:53:07.000Z
3957,UNUS SED LEO,LEO,unus-sed-leo,26,2019-05-21T00:00:00.000Z,[],,999498892.9,999498892.9,"{'id': 1027, 'name': 'Ethereum', 'symbol': 'ETH', 'slug': 'ethereum', 'token_address': '0x2af5d2ad76741191d15dfe7bf6ac92d4bd912ca3'}",1.01432782359,9288217.54685523,0.456539,-0.0930145,7.26519,1013819536.7158715,2020-03-25T15:53:14.000Z
512,Stellar,XLM,stellar,283,2014-08-05T00:00:00.000Z,[],,20286516473.5689,50001803900.9717,,0.0398156965541,335661740.188163,-0.262917,0.171449,12.3985,807721784.0513701,2020-03-25T15:53:05.000Z
328,Monero,XMR,monero,142,2014-05-21T00:00:00.000Z,['Mineable'],,17496927.9188072,17496927.9188072,,45.9902878042,152438265.599068,-0.192665,0.496079,30.4606,804688750.6752853,2020-03-25T15:53:03.000Z
1975,Chainlink,LINK,chainlink,151,2017-09-20T00:00:00.000Z,[],,350000000,1000000000,"{'id': 1027, 'name': 'Ethereum', 'symbol': 'ETH', 'slug': 'ethereum', 'token_address': '0x514910771af9ca656af840dff83e8264ecf986ca'}",2.25232389032,277729175.21203,0.219465,-1.70227,22.4867,788313361.612,2020-03-25T15:53:06.000Z
2010,Cardano,ADA,cardano,125,2017-10-01T00:00:00.000Z,['Mineable'],45000000000,25927070538,31112483745,,0.0293283537749,83342816.6052866,-0.0450635,-0.263171,17.109,760398297.0852509,2020-03-25T15:53:08.000Z
2502,Huobi Token,HT,huobi-token,130,2018-02-03T00:00:00.000Z,[],,226294792.971921,500000000,"{'id': 1027, 'name': 'Ethereum', 'symbol': 'ETH', 'slug': 'ethereum', 'token_address': '0x6f259637dcd74c767781e37bc6133cd6a68aa161'}",3.35675086041,161187752.821369,-0.287131,-0.671676,15.7886,759615241.0147986,2020-03-25T15:53:09.000Z
1958,TRON,TRX,tron,323,2017-09-13T00:00:00.000Z,['Mineable'],,66682072191.4,99281283754.3,,0.0112929659412,1038432541.16316,-0.139356,-0.259291,14.4663,753038370.1461198,2020-03-25T15:53:07.000Z
3408,USD Coin,USDC,usd-coin,203,2018-10-08T00:00:00.000Z,[],,686550301.717229,691031581.12,"{'id': 1027, 'name': 'Ethereum', 'symbol': 'ETH', 'slug': 'ethereum', 'token_address': '0xa0b86991c6218b36c1d19d4a2e9eb0ce3606eb48'}",1.00061568566,747150555.852455,0.27481,0.156493,1.3754,686973000.892865,2020-03-25T15:53:11.000Z
131,Dash,DASH,dash,283,2014-02-14T00:00:00.000Z,['Mineable'],18900000,9399136.459045,9399136.459045,,67.3445163679,632738169.1223,-0.287208,-2.12691,33.0014,632980299.1102817,2020-03-25T15:53:04.000Z
3635,Crypto.com Coin,CRO,crypto-com-coin,41,2018-12-14T00:00:00.000Z,[],,14231050228.3105,100000000000,"{'id': 1027, 'name': 'Ethereum', 'symbol': 'ETH', 'slug': 'ethereum', 'token_address': '0xa0b73e1ff0b80914ab6fe0444e65848c4c34450b'}",0.0436300487993,11252270.0787978,0.570929,2.40294,26.9122,620901415.9264765,2020-03-25T15:53:12.000Z
1321,Ethereum Classic,ETC,ethereum-classic,236,2016-07-24T00:00:00.000Z,['Mineable'],210000000,116313299,116313299,,5.08220438778,1821138694.48863,0.274535,2.34202,14.07,591127958.5349671,2020-03-25T15:53:05.000Z
1376,Neo,NEO,neo,219,2016-09-08T00:00:00.000Z,[],100000000,70538831,100000000,,6.83020611308,464456228.532369,0.313898,0.673522,24.7016,481794754.705717,2020-03-25T15:53:05.000Z
3662,HedgeTrade,HEDG,hedgetrade,10,2019-01-03T00:00:00.000Z,[],,288208798.11353,1000000000.05,"{'id': 1027, 'name': 'Ethereum', 'symbol': 'ETH', 'slug': 'ethereum', 'token_address': '0xF1290473E210b2108A85237fbCd7b6eb42Cc654F'}",1.65895238674,455063.869074949,0.387713,2.20398,22.1414,478124673.50990736,2020-03-25T15:53:12.000Z
1720,IOTA,MIOTA,iota,53,2017-06-13T00:00:00.000Z,[],2779530283,2779530283,2779530283,,0.144455298309,11457991.2487997,0.0925461,1.59638,22.2842,401517876.1896642,2020-03-25T15:53:06.000Z
3794,Cosmos,ATOM,cosmos,118,2019-03-14T00:00:00.000Z,[],,190688439.2,237928230.821588,,2.08714430638,135962142.163223,0.508694,-1.36385,22.85,397994290.16876876,2020-03-25T15:53:13.000Z
873,NEM,XEM,nem,93,2015-04-01T00:00:00.000Z,[],,8999999999,8999999999,,0.0383270677636,7528110.1568052,0.255202,-3.43978,12.879,344943609.83407295,2020-03-25T15:53:04.000Z
1437,Zcash,ZEC,zcash,219,2016-10-29T00:00:00.000Z,['Mineable'],21000000,9545981.25,9545981.25,,31.6151969757,275393715.730802,-0.00652259,-2.48021,20.9281,301798077.54508895,2020-03-25T15:53:07.000Z
1518,Maker,MKR,maker,62,2017-01-29T00:00:00.000Z,[],,1002800.19961806,1002800.19961806,"{'id': 1027, 'name': 'Ethereum', 'symbol': 'ETH', 'slug': 'ethereum', 'token_address': '0x9f8f72aa9304c8b593d555f12ef6589cc3a579a2'}",270.301071389,4219648.64864132,-0.266246,-1.66004,30.6236,271057968.3458647,2020-03-25T15:53:05.000Z
3330,Paxos Standard,PAX,paxos-standard,93,2018-09-27T00:00:00.000Z,[],,262583082.087725,267583182.42,"{'id': 1027, 'name': 'Ethereum', 'symbol': 'ETH', 'slug': 'ethereum', 'token_address': '0x8e870d67f660d95d5be530380d0ec0bd388289e1'}",1.00129779735,936292179.518155,0.29919,0.202772,1.26331,262923861.71581328,2020-03-25T15:53:11.000Z
3897,OKB,OKB,okb,46,2019-04-30T00:00:00.000Z,[],,60000000,300000000,"{'id': 1027, 'name': 'Ethereum', 'symbol': 'ETH', 'slug': 'ethereum', 'token_address': '0x75231f58b43240c9718dd58b4967c5114342a86c'}",4.34440988815,246345669.748824,0.228987,0.379006,25.281,260664593.28900003,2020-03-25T15:53:13.000Z
2566,Ontology,ONT,ontology,114,2018-03-08T00:00:00.000Z,[],,642913241,1000000000,,0.372824740663,84014622.5377685,0.37869,-3.04134,17.2259,239693962.34463382,2020-03-25T15:53:08.000Z
4195,FTX Token,FTT,ftx-token,22,2019-07-31T00:00:00.000Z,[],,95764833.9327722,346637170,"{'id': 1027, 'name': 'Ethereum', 'symbol': 'ETH', 'slug': 'ethereum', 'token_address': '0x50d1c9771902476076ecfc8b2a83ad6b9355a4c9'}",2.44922916873,3031190.09412435,0.20452,-2.00147,19.2947,234550024.60673016,2020-03-25T15:53:14.000Z
74,Dogecoin,DOGE,dogecoin,232,2013-12-15T00:00:00.000Z,['Mineable'],,123875054587.603,123875054587.603,,0.00182823651039,167522260.979125,0.0187142,-1.52846,16.0087,226472897.52361006,2020-03-25T15:53:04.000Z
1697,Basic Attention Token,BAT,basic-attention-token,159,2017-06-01T00:00:00.000Z,[],,1442592563.5663,1500000000,"{'id': 1027, 'name': 'Ethereum', 'symbol': 'ETH', 'slug': 'ethereum', 'token_address': '0x0d8775f648430679a709e98d2b0cb6250d2887ef'}",0.150298536932,108393694.150546,-0.418149,6.18447,29.7755,216819551.69299808,2020-03-25T15:53:05.000Z
4687,Binance USD,BUSD,binance-usd,53,2019-09-20T00:00:00.000Z,[],,182653628.87,182653628.87,"{'id': 1027, 'name': 'Ethereum', 'symbol': 'ETH', 'slug': 'ethereum', 'token_address': '0x4Fabb145d64652a948d72533023f6E7A623C7C53'}",1.00146685552,95975799.9768295,0.333378,0.212182,1.30491,182921555.35375598,2020-03-25T15:53:15.000Z
3077,VeChain,VET,vechain,93,2017-08-22T00:00:00.000Z,[],,55454734800,86712634466,,0.00299511366083,91527496.6158885,-1.06521,3.44923,25.3505,166093233.7571848,2020-03-25T15:53:10.000Z
2563,TrueUSD,TUSD,trueusd,150,2018-03-06T00:00:00.000Z,[],,139325848.68,139325848.68,"{'id': 1027, 'name': 'Ethereum', 'symbol': 'ETH', 'slug': 'ethereum', 'token_address': '0x0000000000085d4780B73119b644AE5ecd22b376'}",0.997382858262,681830156.839074,0.525558,-0.0162928,0.901954,138961213.1862373,2020-03-25T15:53:08.000Z
2083,Bitcoin Gold,BTG,bitcoin-gold,72,2017-10-23T00:00:00.000Z,['Mineable'],21000000,17513923.589,17513923.589,,7.45585287087,22390718.1317123,-0.164637,-1.21987,22.689,130581237.47124349,2020-03-25T15:53:06.000Z
4642,Hedera Hashgraph,HBAR,hedera-hashgraph,19,2019-09-17T00:00:00.000Z,[],,3816091538,50000000000,,0.033540721141,11975543.5435609,-0.0203699,1.48676,-4.65285,127994462.1245878,2020-03-25T15:53:15.000Z
1214,Lisk,LSK,lisk,59,2016-04-06T00:00:00.000Z,[],,122703682.968591,138789394,,1.0180082501,5218270.34614252,0.0381671,-0.653845,1.41042,124913361.57968052,2020-03-25T15:53:04.000Z
1168,Decred,DCR,decred,48,2016-02-10T00:00:00.000Z,['Mineable'],21000000,10786830.8782284,10786830.8782284,,11.4189540679,78529893.7572429,0.169422,-0.502647,18.6306,123174326.3366955,2020-03-25T15:53:04.000Z
1684,Qtum,QTUM,qtum,168,2017-05-24T00:00:00.000Z,[],107822406,96479640.0484598,102229660,,1.23739639172,361797674.09443,0.0231413,-1.46097,17.9231,119383558.47040856,2020-03-25T15:53:07.000Z
2099,ICON,ICX,icon,58,2017-10-27T00:00:00.000Z,[],,530203313.05252,800460000,,0.203393596265,17389785.2855187,0.139626,0.495084,17.6217,107839958.59336965,2020-03-25T15:53:08.000Z
3351,ZB Token,ZB,zb-token,12,2018-09-27T00:00:00.000Z,[],,463288810,2100000000,"{'id': 1027, 'name': 'Ethereum', 'symbol': 'ETH', 'slug': 'ethereum', 'token_address': '0xbd0793332e9fb844a52a205a233ef27a5b34b927'}",0.232420941807,39152038.4651397,-0.646192,-0.762752,8.97004,107678021.54884428,2020-03-25T15:53:12.000Z
4030,Algorand,ALGO,algorand,70,2019-06-20T00:00:00.000Z,['Mineable'],,661661372.747958,3192933215.74796,,0.155327937225,51391015.3672948,0.386774,-0.529752,16.032,102774496.17040212,2020-03-25T15:53:14.000Z
1896,0x,ZRX,0x,167,2017-08-16T00:00:00.000Z,[],,641639028.042216,1000000000,"{'id': 1027, 'name': 'Ethereum', 'symbol': 'ETH', 'slug': 'ethereum', 'token_address': '0xe41d2489571d322189246dafa5ebde1f4699f498'}",0.150391014623,18379371.3348882,0.18449,-1.83436,7.9372,96496744.4489844,2020-03-25T15:53:06.000Z
2586,Synthetix Network Token,SNX,synthetix-network-token,12,2018-03-14T00:00:00.000Z,[],,174332066.91215,175842379.161986,"{'id': 1027, 'name': 'Ethereum', 'symbol': 'ETH', 'slug': 'ethereum', 'token_address': '0xc011a72400e58ecd99ee497cf89e3775d4bd732f'}",0.541960374053,2404660.9285654,-1.39353,10.33,23.5859,94481072.19314145,2020-03-25T15:53:07.000Z
1104,Augur,REP,augur,70,2015-10-27T00:00:00.000Z,[],,11000000,11000000,"{'id': 1027, 'name': 'Ethereum', 'symbol': 'ETH', 'slug': 'ethereum', 'token_address': '0x1985365e9f78359a9b6ad760e32412f4a445e862'}",8.43499403084,30329169.558783,0.181602,-1.2017,12.5192,92784934.33924,2020-03-25T15:53:03.000Z
2222,Bitcoin Diamond,BCD,bitcoin-diamond,26,2017-11-24T00:00:00.000Z,['Mineable'],210000000,186492897.953,189492897.953,,0.493404804804,7615170.35907551,0.25355,-0.0162734,28.0593,92016491.91183226,2020-03-25T15:53:06.000Z
1274,Waves,WAVES,waves,161,2016-06-02T00:00:00.000Z,[],,101489686,101489686,,0.906299783277,52575925.6860632,0.148728,-1.81308,10.4291,91980080.42665078,2020-03-25T15:53:04.000Z
2087,KuCoin Shares,KCS,kucoin-shares,14,2017-10-24T00:00:00.000Z,[],,81850451,171850451,"{'id': 1027, 'name': 'Ethereum', 'symbol': 'ETH', 'slug': 'ethereum', 'token_address': '0x039b5649a59967e3e936d7471f9c3700100ee1ab'}",1.1064723154,4855646.22194114,0.388278,-3.20401,7.05403,90565258.03450425,2020-03-25T15:53:06.000Z
2577,Ravencoin,RVN,ravencoin,45,2018-03-10T00:00:00.000Z,['Mineable'],21000000000,5797530000,5797530000,,0.0150013686588,6677504.88250665,0.64795,0.980687,20.0663,86970884.84045276,2020-03-25T15:53:10.000Z
1982,Kyber Network,KNC,kyber-network,59,2017-09-24T00:00:00.000Z,[],,179633071.574655,211264620.393519,"{'id': 1027, 'name': 'Ethereum', 'symbol': 'ETH', 'slug': 'ethereum', 'token_address': '0xdd974d5c2e2928dea5f71b9825b8b646686bd200'}",0.467415019414,37237390.3696759,0.468459,-0.154799,7.00631,83963195.63746381,2020-03-25T15:53:07.000Z
213,MonaCoin,MONA,monacoin,9,2014-03-20T00:00:00.000Z,['Mineable'],,65729674.8711679,65729674.8711679,,1.24121048301,6092561.73173123,-0.504075,-0.905554,16.2757,81584361.49493256,2020-03-25T15:53:02.000Z
4943,Multi-collateral DAI,DAI,multi-collateral-dai,77,2019-11-22T00:00:00.000Z,[],,80410756.310242,80670248.952387,"{'id': 1027, 'name': 'Ethereum', 'symbol': 'ETH', 'slug': 'ethereum', 'token_address': '0x6b175474e89094c44da98b954eedeac495271d0f'}",0.998737601263,12571656.1533647,0.0225102,0.337319,0.0863636,80309245.87303473,2020-03-25T15:53:15.000Z
1776,MCO,MCO,crypto-com,54,2017-07-03T00:00:00.000Z,[],,15793831.0949625,31587682.3632061,"{'id': 1027, 'name': 'Ethereum', 'symbol': 'ETH', 'slug': 'ethereum', 'token_address': '0xb63b606ac810a52cca15e44bb630fd42d8d1d83d'}",4.61594207939,35512745.6238461,0.402101,1.36972,58.7761,72903409.54601564,2020-03-25T15:53:06.000Z
1808,OmiseGO,OMG,omisego,197,2017-07-14T00:00:00.000Z,[],,140245398.245133,140245398.245133,"{'id': 1027, 'name': 'Ethereum', 'symbol': 'ETH', 'slug': 'ethereum', 'token_address': '0xd26114cd6EE289AccF82350c8d8487fedB8A0C07'}",0.506225467261,135603877.114656,-0.639775,-2.05692,12.6886,70995792.25784749,2020-03-25T15:53:07.000Z
1567,Nano,NANO,nano,49,2017-03-06T00:00:00.000Z,[],133248297.197,133248297.197,133248297.197,,0.497176063082,6010745.65460643,1.1459,-1.4217,35.2199,66247863.812784754,2020-03-25T15:53:05.000Z
1230,Steem,STEEM,steem,31,2016-04-18T00:00:00.000Z,[],,367683336.29,384657430.29,,0.177020454907,4778385.03489018,0.9731,-6.19445,5.53497,65087471.45177926,2020-03-25T15:53:04.000Z
3139,DxChain Token,DX,dxchain-token,8,2018-08-10T00:00:00.000Z,[],,49999999999.6862,100000000000,"{'id': 1027, 'name': 'Ethereum', 'symbol': 'ETH', 'slug': 'ethereum', 'token_address': '0x973e52691176d36453868D9d86572788d27041A9'}",0.00128129548291,1497014.07384357,-0.501579,-0.596162,2.26101,64064774.14509793,2020-03-25T15:53:10.000Z
2130,Enjin Coin,ENJ,enjin-coin,58,2017-11-01T00:00:00.000Z,[],,814772129.064264,1000000000,"{'id': 1027, 'name': 'Ethereum', 'symbol': 'ETH', 'slug': 'ethereum', 'token_address': '0xf629cbd94d3791c9250152bd8dfbdf380e2a3b9c'}",0.0782167557137,6829834.69088257,0.242658,1.3641,59.9394,63728832.58135079,2020-03-25T15:53:06.000Z
2416,THETA,THETA,theta,28,2018-01-17T00:00:00.000Z,[],,870502690,1000000000,,0.0695770500909,3214420.24547116,0.0676877,1.45566,27.2862,60567009.26639319,2020-03-25T15:53:07.000Z
1866,Bytom,BTM,bytom,52,2017-08-08T00:00:00.000Z,['Mineable'],,1002499275,1407000000,,0.0574895466319,13740221.2127811,0.0282895,-3.0236,17.2693,57633228.81855844,2020-03-25T15:53:05.000Z
2694,Nexo,NEXO,nexo,22,2018-05-01T00:00:00.000Z,[],,560000011,1000000000,"{'id': 1027, 'name': 'Ethereum', 'symbol': 'ETH', 'slug': 'ethereum', 'token_address': '0xb62132e35a6c13ee1ee0f84dc5d40bad8d815206'}",0.102636384721,8397164.67861736,0.76335,-5.75711,18.1425,57476376.57276024,2020-03-25T15:53:10.000Z
2682,Holo,HOT,holo,63,2018-04-29T00:00:00.000Z,[],,163924509213.415,177619433541.141,"{'id': 1027, 'name': 'Ethereum', 'symbol': 'ETH', 'slug': 'ethereum', 'token_address': '0x6c6ee5e31d828de241282b9606c8e98ea48526e2'}",0.000345960649516,5660670.87730466,1.77603,6.79715,16.1814,56711429.67906458,2020-03-25T15:53:10.000Z
1042,Siacoin,SC,siacoin,39,2015-08-26T00:00:00.000Z,['Mineable'],,41817047634,41817047634,,0.00129877566234,960485.015557373,0.759649,-0.772228,22.888,54310963.73795168,2020-03-25T15:53:03.000Z
1358,EDC Blockchain,EDC,edc-blockchain,6,2016-08-24T00:00:00.000Z,['Mineable'],100000000000,2670646025,5330754414.894,,0.0200762944526,45758.6723093574,1.95257,796.451,693.021,53616675.97656574,2020-03-25T15:53:04.000Z
3437,ABBC Coin,ABBC,abbc-coin,41,2018-10-12T00:00:00.000Z,['Mineable'],,555416924.350722,1003278750.0109,,0.0949149175495,31047405.3345041,-0.966815,-1.51194,-4.05135,52717351.58034565,2020-03-25T15:53:11.000Z
1229,DigixDAO,DGD,digixdao,22,2016-04-18T00:00:00.000Z,[],,2000000,2000000,"{'id': 1027, 'name': 'Ethereum', 'symbol': 'ETH', 'slug': 'ethereum', 'token_address': '0xe0b7927c4af23765cb51314a0e0521a9645f0e2a'}",26.2913998619,960081.067754593,0.281459,-0.449894,27.6592,52582799.7238,2020-03-25T15:53:04.000Z
4948,Nervos Network,CKB,nervos-network,21,2019-11-19T00:00:00.000Z,[],,13821931589.026,27147898885.8447,,0.00360710761402,4423276.57635669,-0.340107,-1.92567,22.3849,49857194.675239235,2020-03-25T15:53:15.000Z
109,DigiByte,DGB,digibyte,74,2014-02-06T00:00:00.000Z,['Mineable'],21000000000,12962878700.4858,12962878700.4858,,0.00374353935055,1113961.61260177,-0.579743,3.71128,23.7922,48527046.511675045,2020-03-25T15:53:03.000Z
1759,Status,SNT,status,81,2017-06-28T00:00:00.000Z,[],,3470483788,6804870174,"{'id': 1027, 'name': 'Ethereum', 'symbol': 'ETH', 'slug': 'ethereum', 'token_address': '0x744d70fdbe2ba4cf95131626614a1763df805b9e'}",0.0138795833449,30141573.1572355,-1.44611,-5.96893,57.9957,48168868.98267026,2020-03-25T15:53:06.000Z
3704,v.systems,VSYS,v-systems,38,2019-03-05T00:00:00.000Z,[],,1953847402,3868705866,,0.0245931211551,5220552.09980286,0.530328,0.892749,36.431,48051205.875963375,2020-03-25T15:53:12.000Z
1698,Horizen,ZEN,horizen,36,2017-06-01T00:00:00.000Z,['Mineable'],21000000,8706125,8706125,,5.33560884775,2536212.83723453,0.491391,-0.739075,14.8621,46452477.57961746,2020-03-25T15:53:04.000Z
3718,BitTorrent,BTT,bittorrent,136,2019-01-31T00:00:00.000Z,[],,212116500000,990000000000,"{'id': 1958, 'name': 'TRON', 'symbol': 'TRX', 'slug': 'tron', 'token_address': '1002000'}",0.000216818153729,58538786.4627152,0.112423,-1.23992,10.7442,45990707.90545743,2020-03-25T15:53:13.000Z
1903,HyperCash,HC,hypercash,33,2017-08-20T00:00:00.000Z,['Mineable'],84000000,44553626.689052,44553626.689052,,1.01515381656,22185234.1404616,0.969588,-0.0631082,13.7473,45228784.17498062,2020-03-25T15:53:05.000Z
463,BitShares,BTS,bitshares,79,2014-07-21T00:00:00.000Z,[],3600570502,2751010000,2751010000,,0.0163287440964,3206214.4128038,0.449176,-3.55296,16.5538,44920538.29663736,2020-03-25T15:53:03.000Z
1521,Komodo,KMD,komodo,24,2017-02-05T00:00:00.000Z,['Mineable'],200000000,118940692.34765,118940692.34765,,0.374518178705,1571833.56297575,0.0724265,-0.780302,25.1337,44545451.47195361,2020-03-25T15:53:04.000Z
4172,Terra,LUNA,terra-luna,13,2019-07-26T00:00:00.000Z,[],,287765804.430561,995859074.224591,,0.145278379724,3288331.5160553,-0.24084,-1.50986,16.3206,41806149.807645366,2020-03-25T15:53:14.000Z
3218,Energi,NRG,energi,9,2018-08-23T00:00:00.000Z,['Mineable'],,27354160.4608782,27354160.4608782,,1.50417656601,712110.293262035,0.257745,2.9065,38.1866,41145487.14813029,2020-03-25T15:53:10.000Z
693,Verge,XVG,verge,52,2014-10-25T00:00:00.000Z,['Mineable'],16555000000,16217057943.3634,16217057943.3634,,0.00243763700273,661821.617155135,-0.00456257,-0.0474231,24.3484,39531300.5181591,2020-03-25T15:53:03.000Z
372,Bytecoin,BCN,bytecoin-bcn,11,2014-06-17T00:00:00.000Z,['Mineable'],184470000000,184066828814.059,184066828814.059,,0.000214532997165,14835.4625069603,-0.115234,-6.90716,-0.167968,39488408.46413706,2020-03-25T15:53:03.000Z
2469,Zilliqa,ZIL,zilliqa,98,2018-01-25T00:00:00.000Z,['Mineable'],21000000000,9999300639.76463,13290767792.7646,,0.00387488233235,7422172.67339788,0.663631,0.28815,14.5455,38746113.384880014,2020-03-25T15:53:08.000Z
2405,IOST,IOST,iostoken,82,2018-01-16T00:00:00.000Z,[],,12013965608.8475,21000000000,,0.00314546592068,30355613.0889628,0.230918,-2.75414,31.1535,37789519.39485136,2020-03-25T15:53:06.000Z
2830,Seele,SEELE,seele,17,2018-05-31T00:00:00.000Z,[],,699587206.289478,1000000000,"{'id': 1027, 'name': 'Ethereum', 'symbol': 'ETH', 'slug': 'ethereum', 'token_address': '0xb1eef147028e9f480dbc5ccaa3277d417d1b85f0'}",0.0504077104943,12538812.1344561,0.0489807,-1.70469,14.1437,35264589.360156134,2020-03-25T15:53:08.000Z
2539,Ren,REN,ren,18,2018-02-21T00:00:00.000Z,[],,851253651.320919,1000000000,"{'id': 1027, 'name': 'Ethereum', 'symbol': 'ETH', 'slug': 'ethereum', 'token_address': '0x408e41876cccdc0f92210600ef50372656052a38'}",0.0410281488799,1502401.92638121,0.611123,0.397728,31.5133,34925361.54095315,2020-03-25T15:53:07.000Z
4279,Swipe,SXP,swipe,12,2019-08-26T00:00:00.000Z,[],,61123111.287249,299987200.287249,"{'id': 1027, 'name': 'Ethereum', 'symbol': 'ETH', 'slug': 'ethereum', 'token_address': '0x8ce9137d39326ad0cd6491fb5cc0cba0e089b6a9'}",0.567766779295,9197092.41438256,1.55757,-2.3912,204.975,34703672.03605122,2020-03-25T15:53:14.000Z
2989,STASIS EURO,EURS,stasis-euro,27,2018-07-30T00:00:00.000Z,[],,31979207,31979207,"{'id': 1027, 'name': 'Ethereum', 'symbol': 'ETH', 'slug': 'ethereum', 'token_address': '0xdb25f211ab05b1c97d595516f45794528a807ad8'}",1.05899634267,795976.524769971,0.152329,0.619148,-0.47024,33865863.25448686,2020-03-25T15:53:09.000Z
2300,WAX,WAXP,wax,20,2017-12-21T00:00:00.000Z,[],,1081381802.4601,3630201757.644,,0.0311948603822,1347827.93200953,0.281294,-0.919796,-19.0578,33733554.3475946,2020-03-25T15:53:08.000Z
1320,Ardor,ARDR,ardor,23,2016-07-23T00:00:00.000Z,[],998999495,998999495,998999495,,0.0330534789121,1718282.016058,-0.604102,-1.22553,8.6009,33020408.741181046,2020-03-25T15:53:04.000Z
1455,Golem,GNT,golem-network-tokens,84,2016-11-18T00:00:00.000Z,[],,980050000,1000000000,"{'id': 1027, 'name': 'Ethereum', 'symbol': 'ETH', 'slug': 'ethereum', 'token_address': '0xa74476443119A942dE498590Fe1f2454d7D4aC0d'}",0.0333537463262,3219753.68860369,-1.04582,-2.75447,16.0448,32688339.086992312,2020-03-25T15:53:05.000Z
1732,Numeraire,NMR,numeraire,9,2017-06-23T00:00:00.000Z,[],11000000,2358322.79305952,10987481.7721418,"{'id': 1027, 'name': 'Ethereum', 'symbol': 'ETH', 'slug': 'ethereum', 'token_address': '0x1776e1f26f98b1a5df9cd347953a26dd3cb46671'}",13.3305731415,1154006.89367288,-0.0836761,3.80265,167.343,31437794.484146502,2020-03-25T15:53:04.000Z
1414,Zcoin,XZC,zcoin,49,2016-10-06T00:00:00.000Z,['Mineable'],21400000,9753093.32977796,21400000,,3.18044377336,34661150.801833,0.0780161,-2.61891,6.72209,31019164.951691262,2020-03-25T15:53:04.000Z
3890,Matic Network,MATIC,matic-network,44,2019-04-28T00:00:00.000Z,[],,2758503686,10000000000,"{'id': 1027, 'name': 'Ethereum', 'symbol': 'ETH', 'slug': 'ethereum', 'token_address': '0x7D1AfA7B718fb893dB30A3aBc0Cfc608AaCfeBB0'}",0.0111919434376,13496022.5592508,1.19827,-1.47122,30.5626,30873017.226123113,2020-03-25T15:53:13.000Z
4899,Yap Stone,YAP,yap-stone,14,2019-11-09T00:00:00.000Z,[],,150000000,1000000000,"{'id': 1027, 'name': 'Ethereum', 'symbol': 'ETH', 'slug': 'ethereum', 'token_address': ''}",0.203691343461,10847091.7541652,-0.190968,1.37116,18.0398,30553701.519150004,2020-03-25T15:53:15.000Z
2441,Molecular Future,MOF,molecular-future,14,2018-01-20T00:00:00.000Z,[],,84892672.5284934,100000000,"{'id': 1027, 'name': 'Ethereum', 'symbol': 'ETH', 'slug': 'ethereum', 'token_address': '0x653430560be843c4a3d143d0110e896c2ab8ac0d'}",0.359161024344,10163784.7103246,0.093169,-5.24882,1.62692,30490139.22463344,2020-03-25T15:53:07.000Z
3155,Quant,QNT,quant,18,2018-08-10T00:00:00.000Z,[],,12072738,14612493.0808262,"{'id': 1027, 'name': 'Ethereum', 'symbol': 'ETH', 'slug': 'ethereum', 'token_address': '0x4a220e6096b25eadb88358cb44068a3248254675'}",2.50963875778,2212741.94644476,0.313158,-0.834522,26.118,30298211.1973234,2020-03-25T15:53:12.000Z
2299,aelf,ELF,aelf,73,2017-12-21T00:00:00.000Z,[],1000000000,544480199.986466,879999999.986466,"{'id': 1027, 'name': 'Ethereum', 'symbol': 'ETH', 'slug': 'ethereum', 'token_address': '0xbf2179859fc6d5bee9bf9158632dc51678a4100e'}",0.0554489885178,26642920.0966101,0.222851,-1.39622,16.5911,30190876.357219003,2020-03-25T15:53:07.000Z
1700,Aeternity,AE,aeternity,45,2017-06-01T00:00:00.000Z,['Mineable'],,305294280.5,351115224.49932,,0.0977161352939,10457727.0001403,0.212656,-4.1458,10.4731,29832177.217791855,2020-03-25T15:53:05.000Z
4847,Blockstack,STX,blockstack,5,2019-10-28T00:00:00.000Z,[],2048913388,356719546.170591,590642912.170591,,0.0834516154576,215806.071934885,0.172712,-1.72614,27.427,29768822.39323775,2020-03-25T15:53:15.000Z
